n,swaps,algo,compares,moves,extraBytes,millis,sorted,stable
100000,0,quickSort,1606802,206784,8,5.101,1,1
100000,0,mergeSort,815024,3337856,800008,17.270,1,1
100000,0,timSort,99999,0,8,0.214,1,1
100000,10,quickSort,1606802,206850,8,5.134,1,1
100000,10,mergeSort,983024,3337856,800008,17.334,1,1
100000,10,timSort,363367,296540,137096,2.690,1,1
100000,100,quickSort,1609033,209220,8,5.348,1,1
100000,100,mergeSort,1131272,3337856,800008,17.955,1,1
100000,100,timSort,723198,842689,353256,6.651,1,1
100000,1000,quickSort,1635864,236814,8,5.512,1,1
100000,1000,mergeSort,1304192,3337856,800008,18.010,1,1
100000,1000,timSort,1179213,1400250,275144,10.667,1,1
100000,10000,quickSort,1774270,457014,8,8.558,1,1
100000,10000,mergeSort,1459358,3337856,800008,20.098,1,1
100000,10000,timSort,1511072,2139728,398544,17.357,1,1
100000,100000,quickSort,1952144,1298694,8,18.609,1,1
100000,100000,mergeSort,1535097,3337856,800008,27.192,1,1
100000,100000,timSort,1550625,2997028,398544,29.188,1,1
