input,n,scheme,compares,moves,maxDepth,millis,sorted,stable
random,1000,first-lomuto,11176,18798,22,0.135,1,1
random,1000,random-lomuto,10389,16362,21,0.143,1,1
random,1000,median3-hoare,11025,9774,8,0.111,1,1
random,2000,first-lomuto,25283,41085,25,0.314,1,1
random,2000,random-lomuto,23695,40071,23,0.308,1,1
random,2000,median3-hoare,25016,21177,7,0.266,1,1
random,4000,first-lomuto,53243,85443,25,0.651,1,1
random,4000,random-lomuto,53602,82587,25,0.663,1,1
random,4000,median3-hoare,55806,45309,8,0.538,1,1
random,8000,first-lomuto,116689,192129,28,1.420,1,1
random,8000,random-lomuto,124687,192843,31,1.463,1,1
random,8000,median3-hoare,117218,96675,10,1.193,1,1
random,16000,first-lomuto,262609,384507,31,3.036,1,1
random,16000,random-lomuto,247738,392727,30,3.073,1,1
random,16000,median3-hoare,265619,201927,10,2.498,1,1
sorted,1000,first-lomuto,499500,5994,1000,1.248,1,1
sorted,1000,random-lomuto,10789,2964,23,0.056,1,1
sorted,1000,median3-hoare,9939,2928,9,0.039,1,1
sorted,2000,first-lomuto,1999000,11994,2000,4.938,1,1
sorted,2000,random-lomuto,24662,5922,25,0.131,1,1
sorted,2000,median3-hoare,21868,5856,10,0.098,1,1
sorted,4000,first-lomuto,7998000,23994,4000,20.207,1,1
sorted,4000,random-lomuto,59554,12096,34,0.285,1,1
sorted,4000,median3-hoare,47725,11712,11,0.181,1,1
sorted,8000,first-lomuto,31996000,47994,8000,79.080,1,1
sorted,8000,random-lomuto,116919,23898,31,0.524,1,1
sorted,8000,median3-hoare,103438,23424,12,0.376,1,1
sorted,16000,first-lomuto,127992000,95994,16000,316.728,1,1
sorted,16000,random-lomuto,266961,48066,33,1.139,1,1
sorted,16000,median3-hoare,222863,46848,13,0.790,1,1
few-unique,1000,first-lomuto,64616,8853,138,0.263,1,0
few-unique,1000,random-lomuto,65351,6936,139,0.239,1,0
few-unique,1000,median3-hoare,9707,11883,9,0.086,1,0
few-unique,2000,first-lomuto,255119,16350,264,0.845,1,0
few-unique,2000,random-lomuto,255941,13320,269,0.816,1,0
few-unique,2000,median3-hoare,21603,26448,10,0.183,1,0
few-unique,4000,first-lomuto,1011284,31617,531,3.038,1,0
few-unique,4000,random-lomuto,1010810,28452,532,3.038,1,0
few-unique,4000,median3-hoare,47126,59010,10,0.406,1,0
few-unique,8000,first-lomuto,4022279,63051,1029,11.560,1,0
few-unique,8000,random-lomuto,4036618,66132,1035,11.585,1,0
few-unique,8000,median3-hoare,103037,129987,11,0.867,1,0
few-unique,16000,first-lomuto,16038298,120267,2060,44.986,1,0
few-unique,16000,random-lomuto,16052590,132342,2063,45.030,1,0
few-unique,16000,median3-hoare,220939,281187,13,1.845,1,0
all-equal,1000,first-lomuto,499500,2997,1000,1.423,1,0
all-equal,1000,random-lomuto,499500,2976,1000,1.401,1,0
all-equal,1000,median3-hoare,9851,14742,9,0.090,1,0
all-equal,2000,first-lomuto,1999000,5997,2000,5.521,1,0
all-equal,2000,random-lomuto,1999000,5982,2000,5.546,1,0
all-equal,2000,median3-hoare,21691,32466,10,0.172,1,0
all-equal,4000,first-lomuto,7998000,11997,4000,22.200,1,0
all-equal,4000,random-lomuto,7998000,11970,4000,22.077,1,0
all-equal,4000,median3-hoare,47371,70914,11,0.366,1,0
all-equal,8000,first-lomuto,31996000,23997,8000,88.701,1,0
all-equal,8000,random-lomuto,31996000,23970,8000,88.333,1,0
all-equal,8000,median3-hoare,102731,153810,12,0.796,1,0
all-equal,16000,first-lomuto,127992000,47997,16000,358.141,1,0
all-equal,16000,random-lomuto,127992000,47976,16000,368.483,1,0
all-equal,16000,median3-hoare,221451,331602,13,1.765,1,0
