scope,input,n,algo,millis,compares,moves,extraBytes,maxDepth,sorted,stable
kinds,random,100000,quickSort,18.407,1995560,1446195,8,11,1,0
kinds,random,100000,mergeSort,28.319,1536770,3337856,800008,18,1,1
kinds,random,100000,timSort,30.067,1552179,3021305,398576,1,1,1
kinds,sorted,100000,quickSort,5.221,1606802,206784,8,16,1,1
kinds,sorted,100000,mergeSort,16.882,815024,3337856,800008,18,1,1
kinds,sorted,100000,timSort,0.216,99999,0,8,1,1,1
kinds,reversed,100000,quickSort,5.726,1606803,356790,8,16,1,1
kinds,reversed,100000,mergeSort,17.878,853904,3337856,800008,18,1,1
kinds,reversed,100000,timSort,0.738,99999,150000,8,1,1,1
kinds,nearly-sorted,100000,quickSort,5.541,1645215,236319,8,16,1,1
kinds,nearly-sorted,100000,mergeSort,18.380,1304193,3337856,800008,18,1,1
kinds,nearly-sorted,100000,timSort,10.743,1179318,1400394,275144,1,1,1
kinds,few-unique,100000,quickSort,14.922,1681053,2161746,8,15,1,0
kinds,few-unique,100000,mergeSort,22.023,1463633,3337856,800008,18,1,1
kinds,few-unique,100000,timSort,20.887,1348619,2650436,348664,1,1,1
kinds,all-equal,100000,quickSort,13.351,1598987,2351874,8,16,1,0
kinds,all-equal,100000,mergeSort,19.735,815024,3337856,800008,18,1,1
kinds,all-equal,100000,timSort,0.219,99999,0,8,1,1,1
growth,random,1000,quickSort,0.102,11025,9774,8,8,1,1
growth,random,1000,mergeSort,0.171,8713,19952,8008,11,1,1
growth,random,1000,timSort,0.197,8806,22660,3976,1,1,1
growth,random,4000,quickSort,0.557,55806,45309,8,8,1,1
growth,random,4000,mergeSort,0.814,42833,95808,32008,13,1,1
growth,random,4000,timSort,0.941,43288,104020,15864,1,1,1
growth,random,16000,quickSort,2.623,265619,201927,8,10,1,1
growth,random,16000,mergeSort,3.766,203371,447232,128008,15,1,1
growth,random,16000,timSort,4.306,204995,467882,63496,1,1,1
growth,random,64000,quickSort,11.355,1189599,904404,8,12,1,1
growth,random,64000,mergeSort,17.356,941298,2044928,512008,17,1,1
growth,random,64000,timSort,19.800,948225,2064808,253952,1,1,1
growth,random,256000,quickSort,51.179,5384672,3976719,8,13,1,0
growth,random,256000,mergeSort,79.069,4276683,9203712,2048008,19,1,1
growth,random,256000,timSort,96.381,4305560,9025357,1015816,1,1,1
growth,random,1024000,quickSort,234.716,23711251,17420451,8,15,1,0
growth,random,1024000,mergeSort,354.802,19154153,40910848,8192008,21,1,1
growth,random,1024000,timSort,393.498,19268752,39171705,4063240,1,1,1
